name,price,category, taste
Formula_1,100, PRODUITS DE NUTRITION INTERNE,
Formula 1 – Parfum Vanille 780 grs,66,PRODUITS DE NUTRITION INTERNE,
Formula 1 – Parfum Fraise 550 grs,52,PRODUITS DE NUTRITION INTERNE,
Formula 1 – Parfum Délice de Fraise 550 grs,52,PRODUITS DE NUTRITION INTERNE,
Formula 1 – Parfum Café Latte 550 grs,52,PRODUITS DE NUTRITION INTERNE,
Formula 1 – Parfum Douceur de Fruits rouges 550 grs,52,PRODUITS DE NUTRITION INTERNE,
Formula 1 – Parfum                   Framboise Myrtille 550 grs,52,PRODUITS DE NUTRITION INTERNE,
Formula 1 – Vanille - 7 sachets,20,PRODUITS DE NUTRITION INTERNE,
Barres Repas Formula 1 - Chocolat,25.5,SELECT,
Pro 20 Select – Shake protéiné à diluer dans de l’eau,69,SELECT,
Graines de Soja Grillées,21,EN-CAS PROTEINES,
Barres aux Protéines – Vanille-amandes,25.5,EN-CAS PROTEINES,
Barres aux Protéines – Citron,25.5,EN-CAS PROTEINES,
Formula 3 – Personalised Protein Powder,40.5,COMPLEMENTS,
Complexe vitamines et minéraux Femme,25.5,COMPLEMENTS,
QuantitéThermo CompleteTM,52.5,COMPLEMENTS,
Beta Heart,47,COMPLEMENTS,
Mineral Complex Plus,34,COMPLEMENTS,
Niteworks,93,COMPLEMENTS,
Boisson Concentrée à l’aloe Vera -Classique 473ml,44.5,BOISSONS,
AloeMax,51,BOISSONS,
Boisson instantanée à base de thé 100g Original,60.5,BOISSONS,
Boisson instantanée à base de thé 50g Framboise,33.5,BOISSONS,
Boisson multi-fibres,35.5,BOISSONS,
"Pack Fit & Form - F1 Chocolat, Thé Pêche et Boisson protéinée",148.5,PACKS,
"Pack Fit & Form - F1 Chocolat, Thé Citron et Boisson protéinée",148.5,PACKS,
"Pack Fit & Form - F1 Vanille, Thé Pêche et Boisson protéinée",148.5,PACKS,
"Pack Fit & Form - F1 Vanille, Thé Citron et Boisson protéinée",148.5,PACKS,
"Pack Petit Déjeuner - F1 Chocolat, Thé Pêche et Boisson Aloe Mangue",130.5,PACKS,
"Pack Petit Déjeuner - F1 Chocolat, Thé Citron et Boisson Aloe Mangue",130.5,PACKS,
"Pack Petit Déjeuner - F1 Vanille, Thé Pêche et Boisson Aloe Mangue",130.5,PACKS,
"Pack Petit Déjeuner - F1 Vanille, Thé Citron et Boisson Aloe Mangue",130.5,PACKS,
"Pack Thémix avec Thé parfum Original 50g, Boisson multifibres et Boisson protéinée",132,PACKS,
"Pack Thémix avec Thé parfum Citron 50g, Boisson multifibres et Boisson protéinée",132,PACKS,
Formula 1 Sport,68.5,"SPORT, FORME & VITALITE",
LiftoffTM – Citron - Citron vert,32.5,"SPORT, FORME & VITALITE",
Hydrate,48.5,"SPORT, FORME & VITALITE",
Rebuild Endurance,97,"SPORT, FORME & VITALITE",
CR7 Drive - boîte,22.5,"SPORT, FORME & VITALITE",
Nettoyant apaisant à l'aloe Vera (tube de 150 ml),27,SKIN® - LA NUTRITION INTELLIGENTE,
Lotion tonique Revitalisante (flacon spray de 50 ml),20.5,SKIN® - LA NUTRITION INTELLIGENTE,
Gel Fermeté contour des yeux (flacon pompe airless de 15 ml),42.5,SKIN® - LA NUTRITION INTELLIGENTE,
Crème hydratante FPS 30 (flacon pompe airless de 50 ml),53,SKIN® - LA NUTRITION INTELLIGENTE,
Crème de Nuit régénératrice (flacon pompe airless de 50 ml),53,SKIN® - LA NUTRITION INTELLIGENTE,
Masque d'Argile purifiant à la Menthe (tube de 120 ml),23,SKIN® - LA NUTRITION INTELLIGENTE,
Herbal Aloe – Shampoing Fortifiant,15,SOINS CORPS ET CHEVEUX,
Herbal Aloe – Savon Mains et Corps,15,SOINS CORPS ET CHEVEUX,
Herbal Aloe – Gel Apaisant,14.5,SOINS CORPS ET CHEVEUX,
